{"ep": [1, 2, 3, 4, 5, 6, 7, 8, 9, 10, 11, 12, 13, 14, 15, 16, 17, 18, 19, 20, 21, 22, 23, 24, 25, 26, 27, 28, 29, 30, 31, 32, 33, 34, 35, 36, 37, 38, 39, 40, 41, 42, 43, 44, 45, 46, 47, 48, 49, 50, 51, 52, 53, 54, 55, 56, 57, 58, 59, 60], "train_acc": [0.24854, 0.31004, 0.3414, 0.34584, 0.36854, 0.37028, 0.39616, 0.39086, 0.39844, 0.40008, 0.40338, 0.40702, 0.41202, 0.41568, 0.4183, 0.43694, 0.43216, 0.44854, 0.43196, 0.42794, 0.42738, 0.4611, 0.42852, 0.46336, 0.448, 0.44822, 0.4464, 0.46294, 0.4691, 0.44746, 0.47182, 0.4637, 0.44578, 0.48176, 0.47062, 0.46912, 0.4673, 0.4666, 0.47232, 0.46918, 0.45188, 0.47608, 0.4649, 0.44328, 0.45308, 0.47438, 0.44882, 0.48234, 0.48828, 0.48524, 0.46838, 0.47764, 0.4504, 0.49676, 0.47278, 0.49068, 0.48118, 0.47178, 0.4919, 0.4602], "val_acc": [0.3157, 0.2657, 0.3203, 0.3832, 0.4883, 0.4805, 0.485, 0.5065, 0.3944, 0.5238, 0.4996, 0.4142, 0.5098, 0.535, 0.6317, 0.5094, 0.5775, 0.4722, 0.5943, 0.6026, 0.4799, 0.4743, 0.5983, 0.5744, 0.5025, 0.5118, 0.6538, 0.3487, 0.6096, 0.4384, 0.6175, 0.633, 0.511, 0.517, 0.675, 0.6025, 0.602, 0.6459, 0.5624, 0.675, 0.575, 0.5708, 0.5545, 0.6675, 0.6387, 0.6925, 0.5516, 0.6298, 0.6372, 0.6176, 0.6598, 0.7, 0.6645, 0.6452, 0.6391, 0.5703, 0.5973, 0.6493, 0.4839, 0.6782], "precision": [0.4745041311960033, 0.4831941462914601, 0.45544866467522305, 0.4722892538922789, 0.5662349490297547, 0.5632394281814077, 0.5874717496566843, 0.5965193737583733, 0.5933325889277896, 0.5636252057700541, 0.6240953864304614, 0.6082248973188296, 0.6381950453513678, 0.6082869449479466, 0.6645306516033013, 0.6520774257520914, 0.6423043647510844, 0.5845468572432316, 0.6509910824062698, 0.6811873711290268, 0.6502053841870481, 0.648360373707265, 0.6469956772550121, 0.663510524475304, 0.5968847845299273, 0.6433999072180365, 0.6915350691300016, 0.6167676896383809, 0.7050660640215155, 0.6728685921256349, 0.6581818686596772, 0.67040281923646, 0.6157745199519987, 0.6457511034637308, 0.7095416686577068, 0.6803940597054857, 0.6670902475038893, 0.6711185428344769, 0.7104022139559801, 0.7084202563357789, 0.6708017542054832, 0.6743414592687823, 0.6604205528960341, 0.709456605518421, 0.7135722014130619, 0.7135725308026777, 0.7134285844771422, 0.7063874575035456, 0.7190660409422995, 0.7223918056262456, 0.7317096107678298, 0.720051880622725, 0.7186842650904874, 0.7082815356453288, 0.7228162004951078, 0.7119450631952295, 0.7005269738847292, 0.6926709761413331, 0.7126986714767287, 0.7380546502229435], "recall": [0.3157, 0.26569999999999994, 0.3203, 0.38320000000000004, 0.48830000000000007, 0.4805, 0.48500000000000004, 0.5065000000000001, 0.3944, 0.5238, 0.49960000000000004, 0.41419999999999996, 0.5098, 0.5349999999999999, 0.6317, 0.5094, 0.5774999999999999, 0.47219999999999995, 0.5942999999999999, 0.6026, 0.47990000000000005, 0.47430000000000005, 0.5982999999999999, 0.5744, 0.5025000000000001, 0.5118, 0.6538, 0.34869999999999995, 0.6096, 0.4384, 0.6174999999999999, 0.633, 0.511, 0.517, 0.675, 0.6025, 0.602, 0.6458999999999999, 0.5624, 0.675, 0.575, 0.5708, 0.5545000000000001, 0.6675000000000001, 0.6386999999999999, 0.6925, 0.5516000000000001, 0.6298000000000001, 0.6372, 0.6175999999999999, 0.6597999999999999, 0.7000000000000001, 0.6645, 0.6452, 0.6391, 0.5702999999999999, 0.5972999999999999, 0.6493, 0.48390000000000005, 0.6782000000000001], "f1": [0.2534214558879875, 0.18302645657838162, 0.23607146450108235, 0.32635119807540525, 0.46449068261319504, 0.4650290489080796, 0.4724168369774631, 0.4730398926308892, 0.37347224488351954, 0.4961367266501265, 0.4831047458517565, 0.37086734308473035, 0.5271065088992959, 0.4987979495973939, 0.6328682002045626, 0.4893982412122243, 0.5569770978419429, 0.4458158438064916, 0.5826536980293964, 0.6000889692112336, 0.4427331921022482, 0.46043530976875713, 0.5842499992046165, 0.5695023257896924, 0.4777055194687887, 0.4751662627910318, 0.6519506855603737, 0.3092354955633522, 0.6130712761076559, 0.42815139464854085, 0.6030410286366481, 0.6342521398141443, 0.48590401504997527, 0.516869526365135, 0.6773656295282569, 0.6000897342359309, 0.5929756173429883, 0.6356991438413357, 0.5725198527684849, 0.6742723378823142, 0.5389120639305782, 0.5514092070733619, 0.5293931900542944, 0.6510724857073813, 0.6484134871704599, 0.6882481293795755, 0.5755786705162275, 0.6191484282557286, 0.6397396880636006, 0.6236489900163775, 0.6659463720219002, 0.6919327912278797, 0.6645254108989184, 0.6511138325353995, 0.643181623716164, 0.5586006279011337, 0.5824514457540018, 0.6393505869465039, 0.47079985762557647, 0.6879173184190972], "auc": [0.8348261999999999, 0.7843011333333335, 0.8585842944444446, 0.8752145944444443, 0.9011352166666666, 0.892783588888889, 0.9110641777777777, 0.9162264499999999, 0.8839904055555554, 0.9111602777777777, 0.9068380722222221, 0.8918894833333333, 0.9014068999999999, 0.9290177944444444, 0.9388301, 0.922362, 0.9323286833333334, 0.8905973277777777, 0.9387488055555554, 0.9426894666666668, 0.9186717222222225, 0.91253805, 0.9336452111111111, 0.9359938222222223, 0.9173482500000001, 0.9258127499999999, 0.9485113999999999, 0.8289295055555556, 0.9438797222222222, 0.9134788055555555, 0.9456856666666666, 0.9397127222222222, 0.9047785611111111, 0.9208426833333332, 0.9533540444444444, 0.9443259055555556, 0.9454813666666666, 0.9503021888888888, 0.938936022222222, 0.95313, 0.9442781833333334, 0.9278883388888888, 0.9276093555555555, 0.957839511111111, 0.9483552499999999, 0.9570066555555556, 0.9255950222222221, 0.9486889166666668, 0.9484989777777777, 0.9465564722222222, 0.9535851111111111, 0.9578415666666664, 0.9546971777777777, 0.9511023611111111, 0.9495224333333333, 0.9494409388888888, 0.9516353555555555, 0.9500047944444445, 0.9237415444444442, 0.9533394000000002], "mean_rot": [0.022840184824807302, 0.039506265095302036, 0.05330101081303188, 0.06514190776007515, 0.0757002319608416, 0.08590030670166016, 0.09581446647644043, 0.10474391494478498, 0.1137549877166748, 0.12246056113924299, 0.1305458630834307, 0.13816893100738525, 0.145935092653547, 0.15308685813631331, 0.16025290318897792, 0.16763755253383092, 0.17415703194481985, 0.18101465702056885, 0.18720627682549612, 0.19337828670229232, 0.19960543939045497, 0.2055014967918396, 0.21155313083103724, 0.21733553068978445, 0.22281514746802195, 0.2280878254345485, 0.23324117490223475, 0.23824993201664516, 0.24306238549096243, 0.24746251957757132, 0.2518730163574219, 0.2560695494924273, 0.26049143075942993, 0.2648990750312805, 0.2686123677662441, 0.2725546956062317, 0.27624039139066425, 0.2804453798702785, 0.2838033267429897, 0.28729226759501864, 0.29049714122499737, 0.29418788637433735, 0.29694426911217825, 0.299931994506291, 0.3033255083220346, 0.3061636345727103, 0.309205208505903, 0.31175191913332256, 0.3143927880695888, 0.31719168594905306, 0.31966064657483784, 0.3223110181944711, 0.324934150491442, 0.32728525570460726, 0.32959685155323576, 0.3316304513386318, 0.33425272362572805, 0.3361437235559736, 0.33814179045813425, 0.3404626931462969]}