{"ep": [1, 2, 3, 4, 5, 6, 7, 8, 9, 10, 11, 12, 13, 14, 15, 16, 17, 18, 19, 20, 21, 22, 23, 24, 25, 26, 27, 28, 29, 30, 31, 32, 33, 34, 35, 36, 37, 38, 39, 40, 41, 42, 43, 44, 45, 46, 47, 48, 49, 50, 51, 52, 53, 54, 55, 56, 57, 58, 59, 60], "train_acc": [0.21874, 0.2824, 0.31502, 0.34606, 0.33836, 0.37596, 0.38098, 0.39274, 0.38732, 0.39598, 0.39048, 0.4234, 0.41148, 0.40596, 0.41492, 0.41136, 0.43568, 0.43294, 0.4287, 0.43178, 0.4163, 0.46386, 0.43508, 0.4583, 0.4594, 0.44978, 0.44282, 0.44318, 0.45152, 0.447, 0.43594, 0.45228, 0.46278, 0.46654, 0.46192, 0.46528, 0.45572, 0.48444, 0.47496, 0.45998, 0.46414, 0.46136, 0.44042, 0.4521, 0.45152, 0.47552, 0.46852, 0.45204, 0.45646, 0.46082, 0.46232, 0.46472, 0.47642, 0.46632, 0.47466, 0.47866, 0.46988, 0.4901, 0.46922, 0.4779], "val_acc": [0.2726, 0.188, 0.4474, 0.2754, 0.4781, 0.3544, 0.494, 0.4441, 0.5313, 0.4685, 0.3518, 0.5783, 0.4949, 0.4729, 0.5564, 0.5336, 0.6331, 0.5609, 0.545, 0.5059, 0.5711, 0.5446, 0.5836, 0.5011, 0.6187, 0.5681, 0.5008, 0.6325, 0.634, 0.6126, 0.6011, 0.5735, 0.5323, 0.5992, 0.6564, 0.6215, 0.6124, 0.6374, 0.684, 0.5797, 0.3955, 0.6112, 0.6562, 0.5245, 0.5814, 0.6221, 0.7035, 0.5706, 0.5821, 0.6065, 0.504, 0.583, 0.6262, 0.6093, 0.6259, 0.6075, 0.657, 0.6391, 0.655, 0.6454], "precision": [0.33371292174773776, 0.503928770108224, 0.4886439119248746, 0.49109591012829695, 0.5309651003585786, 0.5063884672539796, 0.5592658285022507, 0.5351112860167118, 0.5952949226310951, 0.6114430987084509, 0.5375204058680897, 0.6194638476050949, 0.5708820636893803, 0.5983695734248282, 0.6374265800625223, 0.5967210483045726, 0.6615808134746748, 0.6431380735974642, 0.6286357067461928, 0.6108313624319094, 0.6509296786376231, 0.6195689561618558, 0.6639167495158582, 0.6214539968758922, 0.6683190349756731, 0.6431863247976353, 0.6318961468292885, 0.6681790273562562, 0.671381965970312, 0.6943128543795745, 0.6693302917246194, 0.668401285012169, 0.6585228845826291, 0.7063154847544892, 0.699976470096497, 0.7009395754016872, 0.6539206178826847, 0.6822134734219534, 0.7019016948185117, 0.6578724074879416, 0.5766226852636478, 0.687103483536501, 0.7232466771858658, 0.6503005637236301, 0.6900964519953933, 0.7148815033365515, 0.7074753228788084, 0.6499224310698712, 0.6781123635620038, 0.6889775008390091, 0.6253264404857858, 0.6825861348189226, 0.6894956144525588, 0.6742406138616559, 0.6958207539498407, 0.6836262280731205, 0.7134151059178554, 0.7087307980190066, 0.7166588016864373, 0.7029493058998117], "recall": [0.2726, 0.188, 0.4474, 0.2754, 0.47809999999999997, 0.35440000000000005, 0.49399999999999994, 0.4441, 0.5313, 0.4685, 0.3518, 0.5783, 0.4949, 0.4729, 0.5564, 0.5336000000000001, 0.6331, 0.5609, 0.545, 0.5059000000000001, 0.5711, 0.5446000000000001, 0.5835999999999999, 0.5010999999999999, 0.6187, 0.5681, 0.5008, 0.6325000000000001, 0.634, 0.6125999999999999, 0.6011, 0.5734999999999999, 0.5323, 0.5992000000000001, 0.6564, 0.6214999999999999, 0.6123999999999999, 0.6374, 0.684, 0.5797, 0.3955, 0.6112, 0.6561999999999999, 0.5245, 0.5814, 0.6221, 0.7035, 0.5706, 0.5821, 0.6064999999999999, 0.504, 0.583, 0.6262, 0.6093, 0.6259, 0.6075, 0.657, 0.6390999999999999, 0.655, 0.6454], "f1": [0.22621778690459698, 0.13508151178523814, 0.4251429181646079, 0.21684541106716124, 0.45494648258155274, 0.3059767830376591, 0.46874947848058934, 0.4153138990512624, 0.5093878703511727, 0.42898571543379027, 0.31981046221688714, 0.574563493980944, 0.4641576656047728, 0.45137084249953496, 0.5549227398162462, 0.5081682196547213, 0.6413763433177068, 0.5452113526127904, 0.5286102022719563, 0.46085429173117953, 0.5624046911419647, 0.5246386542513217, 0.5784621593695773, 0.46042939366379426, 0.6103514472917009, 0.5505593180372287, 0.4715850240949937, 0.6244656438557585, 0.6266212432174697, 0.6072199997151313, 0.6024015346131418, 0.5503916753771543, 0.5218915306247298, 0.6079908503143917, 0.656064317783606, 0.6188092608411381, 0.585394276467189, 0.6263996616215721, 0.6782995816761481, 0.5510290721796973, 0.3738416729627135, 0.6180046460160055, 0.6525457851559453, 0.503122550384093, 0.5766727614593605, 0.6216268554048929, 0.7014551912113914, 0.550501402985056, 0.5757559166665783, 0.5986808786117057, 0.49271281698149993, 0.5819044238976084, 0.5963593674656205, 0.6114317131908822, 0.62567257623062, 0.5947852506733158, 0.647249651045229, 0.6466866081640884, 0.6659065026713243, 0.633723666227888], "auc": [0.8007631166666667, 0.7546692944444444, 0.8748529722222222, 0.7861503388888889, 0.8969564388888888, 0.8580991166666665, 0.9046765999999999, 0.879773111111111, 0.9190822500000001, 0.9068092666666667, 0.847123488888889, 0.9253046722222222, 0.9041572666666667, 0.9030037, 0.9219517222222221, 0.9154680388888888, 0.9373980888888889, 0.9348170555555555, 0.9211510777777777, 0.919432311111111, 0.9351109555555555, 0.9263990944444446, 0.93351195, 0.9277678388888889, 0.9443867722222222, 0.9342812333333335, 0.9095322611111112, 0.9424209888888889, 0.9467504777777778, 0.9465258944444445, 0.9403004388888888, 0.93601785, 0.9322999333333334, 0.9411430611111111, 0.9476503333333334, 0.9446109555555557, 0.9435698, 0.9500616944444445, 0.9547074111111111, 0.9405280833333334, 0.8471102055555555, 0.9390887111111113, 0.9514941333333334, 0.9269179611111111, 0.9384676777777778, 0.950085788888889, 0.9579414666666667, 0.9399902055555556, 0.9434655722222223, 0.9434861888888889, 0.90739415, 0.9434043666666667, 0.9483498277777779, 0.9362149222222221, 0.949596361111111, 0.9426324777777777, 0.9558161500000001, 0.9462689666666666, 0.9476856555555555, 0.9482054722222223], "mean_rot": [0.022458997037675645, 0.03616485993067423, 0.051266623867882624, 0.06409670246971978, 0.07699605491426256, 0.10075769159528944, 0.1261365082528856, 0.15375514162911308, 0.18333564201990762, 0.2144283519850837, 0.23969033029344347, 0.25140384170744157, 0.2630925046073066, 0.27478137281205917, 0.2863079574373033, 0.2978060179286533, 0.30935080183876884, 0.32069167163636947, 0.3319946593708462, 0.3432949450280931, 0.3547495934698317, 0.36584483914905125, 0.37721360392040676, 0.3880449997054206, 0.3993372453583611, 0.4100010395050049, 0.42112109396192765, 0.4319771859380934, 0.4427872829967075, 0.45342838764190674, 0.4644129342503018, 0.47533806165059406, 0.4862884415520562, 0.49693097670873004, 0.5077068938149346, 0.5188013778792487, 0.528223713239034, 0.5376237961981032, 0.5467615260018243, 0.5566176639662849, 0.5659039484130012, 0.5736399557855394, 0.5814660323990716, 0.5895429584715102, 0.5972117251820035, 0.6058935324350992, 0.6143617630004883, 0.6233743959003024, 0.6265613502926297, 0.6286931965086195, 0.6312837534480624, 0.6326732767952813, 0.6334925956196256, 0.6350489126311408, 0.6362952325079176, 0.6373824543423123, 0.6387307643890381, 0.6398093303044637, 0.6409596337212456, 0.6425095200538635]}